pemakai,jumlah_uttp,alamat,kota,diuji_oleh,hasil_pengujian,tanggal_uji,masa_berlaku
KEMENTERIAN ESDM CQ DIREKTORAT JENDERAL MINYAK DAN GAS,2,Jl. HR. Rasuna Said Kav. B.5,Jakarta Selatan,"Momon Duliman, ST., Penera Muda",TUS,2016-09-07,2017-09-07
PT. AKR CORPORINDO TBK,3,"POM Pelayanan ADF JICT, Tanjung Priok ",Jakarta Utara,"Endarto, SE., ST., Penera Muda",TUS,2016-02-09,2017-02-09
"PT. AKR CORPORINDO, Tbk",2,"Gudang AKR Marunda II, KBN Marunda, Jl. Semarang Blok A-6 No. 2",Jakarta Utara,"Momon Duliman, ST., Penera Muda",TUS,2016-03-28,2017-03-28
SPBB 37-0115,8,Jl. Dermaga Muara Angke,Jakarta Utara,"Endarto, SE., ST., Penera Muda",TUS,2016-10-19,2017-10-19
SPBG A 34.02.02,8,"Jl. Raya Daan Mogot, No. 94-95 Pesing",Jakarta Barat,"Momon Duliman, ST., Penera Muda",TUS,2016-06-02,2017-06-02
SPBG COCO 31.A.12503,8,"Jl. RM. Harsono Rt. 07/04 No. 1, Ragunan, Pasar Minggu",Jakarta Selatan,"Momon Duliman, ST., Penera Muda",TUS,2016-04-23,2017-04-23
SPBG COCO 31A.124.02,8,"Jl. Lebak Bulus Raya No. 56,",Jakarta Selatan,"Momon Duliman, ST., Penera Muda",TUS,2016-06-14,2017-06-14
SPBG COCO 31A-11401,4,Jl. Daan Mogot Raya No. 2 ,Jakarta Barat,"Moh. Kosasih, ST., Penera Madya",TUS,2016-01-21,2017-01-21
SPBG COCO A 31.03.03,4,Jl. Raya Bogor Km. 28 Gandaria,Jakarta Timur,"Momon Duliman, ST., Penera Muda",TUS,2016-02-23,2017-02-23
SPBG ENVOGAS,8,Cililitan,Jakarta Timur,"Momon Duliman, ST., Penera Muda",TUS,2016-07-15,2017-07-15
SPBG GAGAS - JUP,2,Terminal Halte Busway Jaya Ancol,Jakarta Utara,"Momon Duliman, ST., Penera Muda",TS,2016-05-09,2017-05-09
SPBG HEK KRAMAT JATI,2,"Jl. Raya Pondok Gede No. 2, Hek, Kramat Jati",Jakarta Timur,"Momon Duliman, ST., Penera Muda",TS,2016-07-21,2017-07-21
SPBG MOBILE REFUELLING UNIT (MRU) PT. GAGAS ENERGI INDONESIA,6,Kawasan IRTI Monas,Jakarta Pusat,"Momon Duliman, ST., Penera Muda",TUS,2016-02-15,2017-02-15
SPBG MRU Pluit,2,"Taman Putra Putri, Pluit",Jakarta Utara,"Momon Duliman, ST., Penera Muda",TS,2016-08-03,2017-08-03
SPBG PT. GAGAS ENERGI INDONESIA,2,"Kantor Pusat PGN, Jl. Kyai haji Zaenal Arifin No. 20",Jakarta Pusat,"Momon Duliman, ST., Penera Muda",TUS,2016-02-22,2017-02-22
SPBKB AKR KAPUK,16,"Jl. Kapuk Raya No. 17, Kapuk Muara, Penjaringan",Jakarta Utara,"Moh. Kosasih, ST., Penera Madya",TUS,2016-08-16,2017-08-16
SPBP MABES POLRI,8,"Jl. Trunojoyo No. 3, Kebayoran Baru",Jakarta Selatan,"Tri Sulistiyono, ST., Penera Muda",TUS,2016-03-16,2017-03-16
SPBP POLDA METRO JAYA,4,Jl. Jend. Sudirman 55,Jakarta Pusat,"Abdul Latief, ST.,  Penera Madya",TUS,2016-11-04,2017-11-04
SPBP POLRES JAKARTA BARAT,2,Jl. S. Parman 31,Jakarta Barat,"Abdul Latief, ST.,  Penera Madya",TUS,2016-10-12,2017-10-12
SPBT 32-0319,4,"Jl. RA. Fadillah, Cijantung III, Pasar Rebo",Jakarta Timur,"Abdul Latief, ST.,  Penera Madya",TUS,2016-03-30,2017-03-30
SPBT 32-10201,2,"Rumkital dr. Mintoharjo, Jl. Bendungan Hilir 17",Jakarta Pusat,"Abdul Latief, ST.,  Penera Madya",TUS,2016-04-11,2017-04-11
SPBT 32-10701,4,"Jl. Budi Utomo, ",Jakarta Pusat,"Abdul Latief, ST.,  Penera Madya",TUS,2016-09-01,2017-09-01
SPBT 32-12402,2,"Jl. Jati No. 1 Pondok Labu, Cilandak",Jakarta Selatan,"Abdul Latief, ST.,  Penera Madya",TUS,2016-03-11,2017-03-11
SPBT 32-13301,2,"Jl. Urip Sumoharjo, Jatinegara",Jakarta Timur,"Abdul Latief, ST.,  Penera Madya",TUS,2016-09-01,2017-09-01
SPBT 32-13603,6,"SPBT Kemhan, Jl. MT. Haryono Cawang",Jakarta Timur,"Misdar, ST., Penera Madya",TS,2016-11-01,2017-11-01
SPBT 32-13802,12,Jl. Mabes Hankam Cilangkap,Jakarta Timur,"Teguh Triprajogo, ST., MM., Penera Madya",TUS,2016-06-16,2017-06-16
SPBT 32-14201,4,Denma Lantamal III - Jl. Tabah Raya Sunter Kodamar,Jakarta Utara,"Akhmadi, Penera Penyelia",TUS,2016-11-14,2017-11-14
SPBT 32-204,2,"Jl. Raya Bogor, Kramat Jati",Jakarta Timur,"Abdul Latief, ST.,  Penera Madya",TUS,2016-03-30,2017-03-30
SPBT 32-210,3,"Makodam Jaya, Jl. Mayjen Sutoyo, Cililitan",Jakarta Timur,"Abdul Latief, ST.,  Penera Madya",TUS,2016-03-30,2017-03-30
SPBT 32-615,1,"Den Mabesad, Jl. Katedral",Jakarta Pusat,"Abdul Latief, ST.,  Penera Madya",TUS,2016-09-01,2017-09-01
SPBT DB 32-12401,4,Kesatrian Marinir Cilandak,Jakarta Selatan,"Abdul Latief, ST.,  Penera Madya",TUS,2016-02-10,2017-02-10
SPBT DB 32-12402,3,"Kodamar, Sunter",Jakarta Utara,"Abdul Latief, ST.,  Penera Madya",TUS,2016-02-10,2017-02-10
SPBT KOPASSUS (DB32-0406),4,Cijantung,Jakarta Timur,"Abdul Latief, ST.,  Penera Madya",TUS,2016-10-27,2017-10-27
SPBT SATBEK DENMA TNI CILANGKAP,2,Cilangkap,Jakarta Timur,"Momon Duliman, ST., Penera Muda",TUS,2016-08-25,2017-08-25
SPBU 31-10202,62,Jl. Abdul Muis No. 68 Petojo Gambir,Jakarta Pusat,"Moh. Kosasih, ST., Penera Madya",TUS,2016-02-18,2017-02-18
SPBU 31-12902,83,"Jl. HR. Rasuna Said, Kuningan",Jakarta Selatan,"Us Us Suprianto, Penera Penyelia",TUS,2016-11-07,2017-11-07
SPBU 33-11301,40,Jl. Tubagus Angke No. 10,Jakarta Barat,"Nephy Supriyadi, Penera Penyelia",TUS,2016-02-16,2017-02-16
SPBU 33-13401,36,"Jl. Inspeksi Kalimalang, Pondok Kelapa, Duren Sawit",Jakarta Timur,"Misdar, ST., Penera Madya",TUS,2016-05-09,2017-05-09
SPBU 33-13402,52,"Jl. Kol. Soegiono, Duren Sawit",Jakarta Timur,"Daruseno Nugroho, Penera Penyelia",TUS,2016-10-17,2017-10-17
SPBU 33-14401,42,"Jl. Pluit Raya No. 3 Kel. Penjaringan, Kec. Penjaringan",Jakarta Utara,"Nugroho, ST., Penera Madya",TUS,2016-04-12,2017-04-12
SPBU 34 - 12901,37,"Jl. Minangkabau Timur No.33, Ps Manggis, Setia Budi",Jakarta Selatan,"Teguh Triprajogo, ST., MM., Penera Madya",TUS,2016-02-09,2017-02-09
SPBU 34 - 14416,28,"Jl. Pluit Permai Raya, Penjaringan",Jakarta Utara,"Subagyo, SE., MSi., Penera Madya",TUS,2016-02-05,2017-02-05
SPBU 34-10201,72,"Jl. Penjernihan I Pejompongan, Jakarta Pusat",Jakarta Pusat,"Moh. Kosasih, ST., Penera Madya",TUS,2016-10-06,2017-10-06
SPBU 34-10203,30,"Jl. K.H. Mansyur, Tanah Abang",Jakarta Pusat,"Moh. Kosasih, ST., Penera Madya",TUS,2016-09-20,2017-09-20
SPBU 34-10205,60,"Jl. Cideng Timur No. 50, Petojo Selatan, Gambir",Jakarta Pusat,"Misdar, ST., Penera Madya",TUS,2016-09-30,2017-09-30
SPBU 34-10206,30,Jl. Hanglekir I No.4,Jakarta Pusat,"Teguh Triprajogo, ST., MM., Penera Madya",TUS,2016-01-13,2017-01-13
SPBU 34-10301,2,Jl. Gereja Theresia,Jakarta,"Nephy Supriyadi, Penera Penyelia",TUS,2016-06-28,2017-06-28
SPBU 34-10402,20,Jl. Pramuka Raya No. 56-57,Jakarta Pusat,"Us Us Suprianto, Penera Penyelia",TUS,2016-09-30,2017-09-30
SPBU 34-10501,10,Jl. Pramuka Raya No. 68,Jakarta Pusat,"Budiyanto, Penera Muda",TUS,2016-02-16,2017-02-16
SPBU 34-10502,7,"Jl. Let. Jend. Suprapto, Cempaka Putih",Jakarta Pusat,"Moh. Kosasih, ST., Penera Madya",TUS,2016-06-14,2017-06-14
SPBU 34-10504,12,Jl. Jend. A. Yani Kav. 48,Jakarta Pusat,"H. Andi Syafrudin, SE., MM., Penera Madya",TUS,2016-09-27,2017-09-27
SPBU 34-10505,26,"Jl. Letjend Suprapto No. 56, Tanah Tinggi, Johar Baru",Jakarta Pusat,"Teguh Triprajogo, ST., MM., Penera Madya",TUS,2016-08-24,2017-08-24
SPBU 34-10506,24,"Jl. Letjen Suprapto No. 1, Galur",Jakarta Pusat,"Momon Duliman, ST., Penera Muda",TUS,2016-06-28,2017-06-28
SPBU 34-10507,24,Jl. Cempaka Putih Raya Kav. 1-2,Jakarta Pusat,"Tri Sulistiyono, ST., Penera Muda",TUS,2016-06-24,2017-06-24
SPBU 34-10603,18,Jl. Gunung Sahari Raya No. 2,Jakarta Pusat,"Abdul Latief, ST.,  Penera Madya",TUS,2016-05-17,2017-05-17
SPBU 34-10604,24,Jl. Bungur Besar Raya No. 103,Jakarta,"Sunoto, ST., Penera Madya",TUS,2016-02-18,2017-02-18
SPBU 34-10605,34,Jl. Letjend Suprapto Kav. 26,Jakarta Pusat,"Tri Sulistiyono, ST., Penera Muda",TUS,2016-07-27,2017-07-27
SPBU 34-10701,2,Jl. Batu Ceper No. 91,Jakarta Pusat,"Warsono, SE., Penera Madya",TUS,2016-10-12,2017-10-12
SPBU 34-10702,20,Jl. Pangeran Jayakarta No. 111,Jakarta Pusat,"Wim Pito Sinurat, ST., Penera Muda",TUS,2016-01-21,2017-01-21
SPBU 34-11103,9,Jl. Raya KS Tubun No. 19-20 ,Jakarta Barat,"Moh. Kosasih, ST., Penera Madya",TUS,2016-04-12,2017-04-12
SPBU 34-11104,84,Jl. Hayam Wuruk No. 74-75,Jakarta Barat,"Momon Duliman, ST., Penera Muda",TUS,2016-08-11,2017-08-11
SPBU 34-11201,23,Jl. KH. Moh. Mansyu No. 133,Jakarta Barat,"Sunoto, ST., Penera Madya",TUS,2016-06-23,2017-06-23
SPBU 34-11301,44,Jl. Prof. Dr. Latumenten No. 29,Jakarta Barat,"Tri Sulistiyono, ST., Penera Muda",TUS,2015-11-19,2016-11-19
SPBU 34-11403,10,Jl. Kemanggisan Utama Raya,Jakarta,"H. Andi Syafrudin, SE., MM., Penera Madya",TUS,2016-03-14,2017-03-14
SPBU 34-11404,10,Jl. Kemanggisan Utama Raya 6 - 8,Jakarta Barat,"H. Andi Syafrudin, SE., MM., Penera Madya",TUS,2016-09-26,2017-09-26
SPBU 34-11405,82,"Jl. Palmerah Utara Raya No. 56, Palmerah",Jakarta Barat,"Sunoto, ST., Penera Madya",TUS,2016-09-20,2017-09-20
SPBU 34-11406,8,Jl. Kemanggisan Utama Raya 6 - 8,Jakarta Barat,"H. Andi Syafrudin, SE., MM., Penera Madya",TUS,2016-09-26,2017-09-26
SPBU 34-11407,48,Jl. Kemanggisan Utama Raya No. 52A,Jakarta Barat,"Indra Gunawan Putra, ST.MM, Penera Pertama",TUS,2016-11-03,2017-11-03
SPBU 34-11504,10,"Jl. Kedoya Raya No.14, Kebon Jeruk",Jakarta Barat,"Drs. Sugeng Purwanto, Penera Madya",TUS,2016-02-01,2017-02-01
SPBU 34-11505,10,Jl. Kebon Jeruk Raya No. 1,Jakarta Barat,"Sunoto, ST., Penera Madya",TUS,2016-03-31,2017-03-31
SPBU 34-11506,10,Jl. Kedoya Raya No. 23 Kebon Jeruk ,Jakarta Barat,"Akhmadi, Penera Penyelia",TUS,2016-05-20,2017-05-20
SPBU 34-11507,15,"Jl. Arteri Kelapa Dua, Kebon Jeruk",Jakarta Barat,"Warsono, SE., Penera Madya",TUS,2016-08-09,2017-08-09
SPBU 34-11508,32,Jl. Kelapa Dua Raya No. 15 Kebon Jeruk,Jakarta Barat,"Indra Gunawan Putra, ST.MM, Penera Pertama",TUS,2016-03-10,2017-03-10
SPBU 34-11509,8,Jl. Arteri Kelapa Dua Kebon Jeruk ,Jakarta Barat,"Jansen Sirait, SE., ST., MM., Penera Madya",TUS,2016-01-20,2017-01-20
SPBU 34-11510,40,Jl. Raya Panjang No. 38 Arteri Kedoya,Jakarta Barat,"Us Us Suprianto, Penera Penyelia",TUS,2016-10-26,2017-10-26
SPBU 34-11511,26,Jl. Raya Kemanggisan Batusari No. 14,Jakarta Barat,"Warsono, SE., Penera Madya",TUS,2016-06-23,2017-06-23
SPBU 34-11512,33,Jl. Panjang No. 45C Kebon Jeruk,Jakarta Barat,"Abdul Latief, ST.,  Penera Madya",TUS,2016-02-22,2017-02-22
SPBU 34-11601,10,Jl. Meruya Ilir Srengseng,Jakarta Barat,"Misdar, ST., Penera Madya",TUS,2016-02-23,2017-02-23
SPBU 34-11602,2,JL. Puri Kembangan Raya No 81 ,Jakarta,"Moh. Kosasih, ST., Penera Madya",TUS,2016-01-26,2017-01-26
SPBU 34-11604,14,Jl. Raya Swadarma No. 16 Srengseng Ulujami,Jakarta Selatan,"Jansen Sirait, SE., ST., MM., Penera Madya",TUS,2016-08-16,2017-08-16
SPBU 34-11605,10,Jl. Meruya Ilir Blok H4 No. 1A Taman Aries ,Jakarta Barat,"Warsono, SE., Penera Madya",TUS,2016-03-23,2017-03-23
SPBU 34-11607,20,"Jl. Meruya utara Raya, kavling DKI Blok 7A/8",Jakarta,"Indra Gunawan Putra, ST.MM, Penera Pertama",TUS,2016-09-27,2017-09-27
SPBU 34-11608,30,"Jl. Pos Pengumben, Srengseng, Kembangan",Jakarta Barat,"Us Us Suprianto, Penera Penyelia",TUS,2016-09-22,2017-09-22
SPBU 34-11609,32,Jl. Joglo Raya no. 77,Jakarta Barat,"Us Us Suprianto, Penera Penyelia",TUS,2016-09-23,2017-09-23
SPBU 34-11611,28,Jl. Kembangan Raya Selatan No. 88,Jakarta Barat,"Nephy Supriyadi, Penera Penyelia",TUS,2016-10-20,2017-10-20
SPBU 34-11612,88,"Jl. Kembang Kerep 56, Meruya",Jakarta Barat,"Momon Duliman, ST., Penera Muda",TUS,2016-10-06,2017-10-06
SPBU 34-11703,16,Jl. Kamal Raya Cengkareng,Jakarta Barat,"Budiyanto, Penera Muda",TUS,2016-06-24,2017-06-24
SPBU 34-11704,16,Jl. Daan Mogot Raya No. 19,Jakarta Barat,"Nephy Supriyadi, Penera Penyelia",TUS,2016-03-10,2017-03-10
SPBU 34-11705,40,"Jl. Lingkar Luar Barat Pdk Randu, Duri Kosambi",Jakarta Barat,"Jansen Sirait, SE., ST., MM., Penera Madya",TUS,2016-01-22,2017-01-22
SPBU 34-11706,20,Jl. Daan Mogot Km. 14.5 Cengkareng,Jakarta Barat,"Suryatna, SAP., ST., Penera Muda",TUS,2016-06-09,2017-06-09
SPBU 34-11707,19,"Jl. Outer Ring Road, Cengkareng Barat",Jakarta Barat,"Us Us Suprianto, Penera Penyelia",TUS,2016-06-20,2017-06-20
SPBU 34-11708,14,"Jl. Raya Duri Kosambi No. 59, Duri Kosambi ",Jakarta,"Us Us Suprianto, Penera Penyelia",TUS,2016-04-06,2017-04-06
SPBU 34-11710,26,Jl. Lingkar Luar Cengkareng,Jakarta Barat,"Moh. Kosasih, ST., Penera Madya",TUS,2016-06-16,2017-06-16
SPBU 34-11711,39,"Jl. Cendrawasih Raya No.99, Cengkareng",Jakarta Barat,"Rizal Muchtar, SH., Penera Pelaksana Lanjutan",TUS,2015-12-28,2016-12-28
SPBU 34-11712,124,Jl. Daan Mogot Km. 12 No. 5,Jakarta Barat,"Tri Sulistiyono, ST., Penera Muda",TUS,2016-06-14,2017-06-14
SPBU 34-11714,43,"Jl. Lingkar Luar Barat No. 11 Rawa Buaya, Cengkareng",Jakarta Barat,"Nephy Supriyadi, Penera Penyelia",TUS,2016-06-17,2017-06-17
SPBU 34-11801,26,Jl. Peta Barat No. 3 Kalideres,Jakarta Barat,"Momon Duliman, ST., Penera Muda",TUS,2016-03-16,2017-03-16
SPBU 34-11802,11,"Jl. Kamal Raya No. 20, Tegal Alur Kalideres",Jakarta Barat,"Moh. Kosasih, ST., Penera Madya",TUS,2016-03-30,2017-03-30
SPBU 34-11804,22,Jl. Peta Barat No. 108 Kalideres,Jakarta Barat,"Momon Duliman, ST., Penera Muda",TUS,2016-06-17,2017-06-17
SPBU 34-11806,22,"Jl. Satu Maret Rt. 09 Rw. 04, Pegadungan, Kalideres",Jakarta Barat,"Indra Gunawan Putra, ST.MM, Penera Pertama",TUS,2016-08-22,2017-08-22
SPBU 34-12103,18,Jl. TB. Simatupang (Lingkar Selatan) No. 20 Cilandak Timur,Jakarta Selatan,"Fany Abast, ST., Penera Muda",TUS,2016-09-22,2017-09-22
SPBU 34-12105,10,Jl. Kemang Raya No. 39,Jakarta,"Budiyanto, Penera Muda",TUS,2016-04-11,2017-04-11
SPBU 34-12114,44,"Jl. Gandaria I No. 27-28. Kramat Pela, Kebayoran Baru",Jakarta Selatan,"Moh. Tharekat, ST., Penera Madya",TUS,2016-08-25,2017-08-25
SPBU 34-12115,84,"Jl. Radio Dalam Raya, Gandaria Utara, Kebayoran Baru",Jakarta Selatan,"Misdar, ST., Penera Madya",TUS,2016-10-07,2017-10-07
SPBU 34-12205,12,Jl. Palmerah Barat Raya No. 37,Jakarta Selatan,"Teguh Triprajogo, ST., MM., Penera Madya",TUS,2016-02-29,2017-03-01
SPBU 34-12208,60,"Jl. Ciputat Raya No. 20, Kebayoran Lama",jakarta Selatan,"Indra Gunawan Putra, ST.MM, Penera Pertama",TUS,2016-02-29,2017-03-01
SPBU 34-12209,12,Jl. Raya Ciledug Petukangan Selatan,Jakarta Selatan,"Jansen Sirait, SE., ST., MM., Penera Madya",TUS,2016-04-12,2017-04-12
SPBU 34-12210,26,"Jl. Tentara Pelajar, Arteri Senayan",Jakarta Selatan,"Budiyanto, Penera Muda",TUS,2016-05-24,2017-05-24
SPBU 34-12212,20,"Jl. M. Saidi Raya No.108, Pesanggrahan",Jakarta Selatan,"Moh. Tharekat, ST., Penera Madya",TUS,2016-01-13,2017-01-13
SPBU 34-12213,10,Jl. Ciputat Raya No. 41 Kebayoran Lama,Jakarta Selatan,"Misdar, ST., Penera Madya",TUS,2016-05-31,2017-05-31
SPBU 34-12214,6,"Jl. Bintaro Raya No. 35, Kebayoran Lama Selatan Tanah Kusir",Jakarta Selatan,"Daruseno Nugroho, Penera Penyelia",TUS,2016-03-23,2017-03-23
SPBU 34-12301,22,"Jl. RC. Veteran, Pesanggrahan Bintaro",Jakarta Selatan,"Nugroho, ST., Penera Madya",TUS,2016-06-14,2017-06-14
SPBU 34-12302,20,Jl. Arteri Pondok Pinang No. 34,Jakarta Selatan,"Widyo Laksono, ST., Penera Ahli Madya",TUS,2016-03-23,2017-03-23
SPBU 34-12303,20,Jl. Bintaro Permai No. 12 Pesanggrahan,Jakarta Selatan,"Nephy Supriyadi, Penera Penyelia",TUS,2016-03-08,2017-03-08
SPBU 34-12305,10,"Jl. Veteran Rempoa, Bintaro",Jakarta Selatan,"Suroso, ST., Penera  Muda",TUS,2016-03-28,2017-03-28
SPBU 34-12307,24,Jl. Ciputat Raya No. 12 Pondok Pinang,Jakarta Selatan,"H. Andi Syafrudin, SE., Penera Madya",TUS,2016-03-04,2017-03-04
SPBU 34-12401,18,Jl. RS. Fatmawati Blok A No. 04,Jakarta Selatan,"Indra Gunawan Putra, ST.MM, Penera Pertama",TUS,2016-11-09,2017-11-09
SPBU 34-12406,14,"Jl. TB. Simatupang No. 9, Tanjung Barat, Jagakarsa",Jakarta Selatan,"Akhmadi, Penera Penyelia",TUS,2016-08-16,2017-08-16
SPBU 34-12407,10,"Jl. Terogong Raya, Cilandak Barat",Jakarta Selatan,"Nephy Supriyadi, Penera Penyelia",TUS,2016-08-19,2017-08-19
SPBU 34-12409,14,Jl. Lebak Bulus Karang Tengah Raya No. 20,Jakarta Selatan,"Wim Pito Sinurat, ST., Penera Muda",TUS,2016-05-17,2017-05-17
SPBU 34-12410,64,"Jl. Karang Tengah Raya No.7-8, Lebak Bulus",Jakarta Selatan,"Indra Gunawan Putra, ST.MM, Penera Pertama",TUS,2016-01-06,2017-01-06
SPBU 34-12412,38,Jl. RA Kartini No. 48 Cilandak Barat,Jakarta Selatan,"Sunoto, ST., Penera Madya",TUS,2015-02-15,2016-02-15
SPBU 34-12503,16,Jl. Pasar Minggu No. 100,Jakarta Selatan,"Moh. Tharekat, ST., Penera Madya",TUS,2016-10-31,2017-10-31
SPBU 34-12504,8,"Jl. Ampera Raya No. 16, Cilandak Timur",Jakarta Selatan,"Rizal Muchtar, SH., Penera Pelaksana Lanjutan",TUS,2016-09-09,2017-09-09
SPBU 34-12505,4,Jl. Tanjung Barat No. 156,Jakarta Selatan,"Fany Abast, ST., Penera Muda",TUS,2016-05-23,2017-05-23
SPBU 34-12507,20,Jl. Raya Cilandak KKO,Jakarta Selatan,"Jansen Sirait, SE., ST., MM., Penera Madya",TUS,2016-06-21,2017-06-21
SPBU 34-12508,29,Jl. Raya Jagakarsa II No. 4 ,Jakarta Selatan,"Budiyanto, Penera Muda",TUS,2016-01-21,2017-01-21
SPBU 34-12509,20,"Jl. Taman Margasatwa Raya Kav. 21-22, Pasar Minggu",Jakarta Selatan,"Misdar, ST., Penera Madya",TUS,2016-05-12,2017-05-12
SPBU 34-12510,24,Jl. TB. Simatupang No. 1 Ragunan,Jakarta Selatan,"Fany Abast, ST., Penera Muda",TUS,2016-02-25,2017-02-25
SPBU 34-12512,18,Jl. Taman Margasatwa Raya No. 28 Ragunan,Jakarta Selatan,"Wim Pito Sinurat, ST., Penera Muda",TUS,2016-07-29,2017-07-29
SPBU 34-12603,8,Jl. Raya Lenteng Agung No. 44,Jakarta Selatan,"Akhmadi, Penera Penyelia",TUS,2016-08-05,2017-08-05
SPBU 34-12605,10,Jl. Raya Lenteng Agung No. 62 Pasar Minggu,Jakarta Selatan,"Moh. Kosasih, ST., Penera Madya",TUS,2016-07-28,2017-07-28
SPBU 34-12606,10,Jl. Raya moh. Kahfi I,Jakarta Selatan,"Subagyo, SE., MSi., Penera Madya",TUS,2016-06-20,2017-06-20
SPBU 34-12609,12,Jl. M. Kahfi I No. 21 Rt. 002/06 Jagakarsa,Jakarta Selatan,"Subagyo, SE., MSi., Penera Madya",TUS,2016-05-31,2017-05-31
SPBU 34-12610,8,"Jl. Moh. Kahfi II No. 17 Cipedak, Jagakarsa",Jakarta Selatan,"Rizal Muchtar, SH., Penera Pelaksana Lanjutan",TUS,2016-08-26,2017-08-26
SPBU 34-12611,26,"Jl. M. Kahfi I No. 51 Kel. Cipedak, Kec. Jagakarsa",Jakarta Selatan,"Budiyanto, Penera Muda",TUS,2016-06-15,2017-06-15
SPBU 34-12703,16,"Jl. Raya Pasar Minggu, Pancoran",Jakarta Selatan,"Abdul Latief, ST.,  Penera Madya",TUS,2016-03-01,2017-03-01
SPBU 34-12706,19,Jl. Mampang Prapatan Raya No.60,Jakarta Selatan,"Teguh Triprajogo, ST., MM., Penera Madya",TUS,2015-11-03,2016-11-03
SPBU 34-12707,80,Jl. Raya Pasar Minggu,Jakarta Selatan,"Akhmadi, Penera Penyelia",TUS,2016-09-28,2017-09-28
SPBU 34-12804,26,Jl. Prof. DR. Soepomo,Jakarta Selatan,"Rizal Muchtar, SH., Penera Pelaksana Lanjutan",TUS,2016-09-30,2017-09-30
SPBU 34-12805,22,"Jl. Casablanca, Menteng Dalam",Jakarta Selatan,"Abdul Latief, ST.,  Penera Madya",TUS,2016-03-02,2017-03-02
SPBU 34-12806,8,Jl. Prof. DR. Soepomo No. 50,Jakarta Selatan,"Indra Gunawan Putra, ST.MM, Penera Pertama",TUS,2016-06-10,2017-06-10
SPBU 34-12902,28,Jl. Jend. Gatot Subroto Kav. 31,Jakarta Selatan,"Teguh Triprajogo, ST., MM., Penera Madya",TUS,2016-06-28,2017-07-10
SPBU 34-13101,14,Jl. Ahmad Yani By Pass No. 114A,Jakarta Utara,"Momon Duliman, ST., Penera Muda",TUS,2016-03-28,2017-03-28
SPBU 34-13102,56,Jl. Matraman Raya No. 44,Jakarta Timur,"Akhmadi, Penera Penyelia",TUS,2016-08-22,2017-08-22
SPBU 34-13103,16,Jl. Matraman Raya No. 1,Jakarta Timur,"Nephy Supriyadi, Penera Penyelia",TUS,2016-07-26,2017-07-26
SPBU 34-13203,23,Jl. Kayu Putih Raya,Jakarta Timur,"Sunoto, ST., Penera Muda",TUS,2016-11-10,2017-11-10
SPBU 34-13205,16,Jl. Perintis Kemerdekaan (Pulo Nangka),Jakarta Timur,"Sunoto, ST., Penera Madya",TUS,2016-01-12,2017-01-12
SPBU 34-13206,24,Jl. Pemuda Kav.3-4 Rawamangun,Jakarta Timur,"Moh. Tharekat, ST., Penera Madya",TUS,2016-02-04,2017-02-04
SPBU 34-13208,25,Jl. Rawamangun Muka No. 1 Pulogadung,Jakarta Timur,"Daruseno Nugroho, Penera Penyelia",TUS,2016-09-23,2017-09-23
SPBU 34-13209,52,Jl. Pemuda No. 40 - 41 Rawamangun,Jakarta Timur,"Momon Duliman, ST., Penera Penyelia",TUS,2016-11-02,2017-11-02
SPBU 34-13210,34,Jl. Pemuda No. 9A,Jakarta Timur,"Warsono, SE., Penera Madya",TUS,2016-02-01,2017-02-01
SPBU 34-13302,9,Jl. DI. Panjaitan Kav. 25,Jakarta Timur,"Akhmadi, Penera Penyelia",TUS,2016-02-29,2017-03-01
SPBU 34-13306,52,Jl. Jatinegara Timur No. 54,Jakarta Timur,"Moh. Tharekat, ST., Penera Madya",TUS,2016-10-11,2017-10-11
SPBU 34-13307,10,Jl. Raya Jatinegara Barat No. 83,Jakarta Timur,"Teguh Triprajogo, ST., MM., Penera Madya",TUS,2016-06-20,2017-06-20
SPBU 34-13403,14,"Jl. Pahlawan Revolusi No.3, Pondok Bambu",Jakarta Timur,"Agung Pane, ST, Penera Muda",TUS,2015-12-14,2016-12-14
SPBU 34-13406,8,"Jl. Bintara Jaya No. 1, Pondok Kopi, Duren Sawit",Jakarta Timur,"Indra Gunawan Putra, ST.MM, Penera Pertama",TUS,2016-06-10,2017-06-10
SPBU 34-13407,52,Jl. Radin Inten II No. 49,Jakarta Timur,"Moh. Tharekat, ST., Penera Madya",TUS,2016-09-20,2017-09-20
SPBU 34-13409,8,Jl. Radin Inten No. 17 Duren Sawit,Jakarta Timur,"Akhmadi, Penera Penyelia",TUS,2016-06-14,2017-06-14
SPBU 34-13410,9,"Jl. Raden Intan II, Duren Sawit",Jakarta Timur,"Teguh Triprajogo, ST., MM., Penera Madya",TUS,2016-09-07,2017-09-07
SPBU 34-13412,4,Jl. Basuki Rahmat No. 09,Jakarta Timur,"Momon Duliman, ST., Penera Muda",TS,2016-06-16,2017-06-16
SPBU 34-13413,18,Jl. Raya Cipinang Jaya Blok J No. 142 - 146,Jakarta Timur,"Akhmadi, Penera Penyelia",TUS,2016-03-10,2017-03-10
SPBU 34-13414,36,"Jl. Basuki Rahmat No. 64 Cipinang Besar Selatan, Jatinegara",Jakarta Timur,"Rizal Muchtar, SH., Penera Pelaksana Lanjutan",TUS,2016-11-04,2017-11-04
SPBU 34-13415,24,"Jl. RS. Soekamto, Pondok Kopi",Jakarta Timur,"Akhmadi, Penera Penyelia",TUS,2016-07-18,2017-07-18
SPBU 34-13416,20,Jl. Jend. Pol. RS. Sukamto No. 26 Duren Sawit,Jakarta Timur,"Akhmadi, Penera Penyelia",TUS,2016-10-06,2017-10-06
SPBU 34-13417,24,Jl. Mayjend DI Panjaitan,Jakarta Timur,"Akhmadi, Penera Penyelia",TUS,2016-02-04,2017-02-04
SPBU 34-13418,10,"Jl. Haji Naman No. 29 Pondok Kelapa, Duren Sawit",Jakarta Timur,"Abdul Latief, ST.,  Penera Madya",TUS,2016-11-07,2017-11-07
SPBU 34-13419,24,Jl. Radin Inten II No. 60 Duren Sawit,Jakarta Timur,"Indra Gunawan Putra, ST.MM, Penera Pertama",TUS,2016-09-23,2017-09-23
SPBU 34-13420,12,"Jl. Raya Kalimalang, Cipinang Bali",Jakarta Timur,"Moh. Kosasih, ST., Penera Madya",TUS,2016-11-10,2017-11-10
SPBU 34-13421,36,Jl. Baru Terusan I Gusti Ngurah Rai,Jakarta Timur,"Misdar, ST., Penera Madya",TUS,2016-10-14,2017-10-14
SPBU 34-13422,22,Jl. Kalimalang Komp. Billy & Moon Blok Q-BZ No. 2B,Jakarta Timur,"Akhmadi, Penera Penyelia",TUS,2016-09-01,2017-09-01
SPBU 34-13502,36,"Jl. Raya Condet Kel. Batu Ampar, Kec. Kramat Jati",Jakarta Timur,"Moh. Tharekat, ST., Penera Madya",TUS,2016-10-24,2017-10-24
SPBU 34-13503,16,Jl. Raya Taman mini Pintu I,Jakarta Timur,"Nugroho, ST., Penera Madya",TUS,2016-02-18,2017-02-18
SPBU 34-13504,12,Jl. Raya Pondok Gede No. 39 Pinang Ranti,Jakarta Timur,"Moh. Tharekat, ST., Penera Madya",TUS,2016-10-28,2017-10-28
SPBU 34-13505,56,Jl. Kramat Jati No. 109 - 110,Jakarta Timur,"Rizal Muchtar, SH., Penera Pelaksana Lanjutan",TUS,2016-09-28,2017-09-28
SPBU 34-13506,24,Jl. Pusdik Depnaker No. 80 Pinang Ranti,Jakarta Timur,"Fany Abast, ST., Penera Muda",TUS,2016-06-17,2017-06-17
SPBU 34-13602,17,Jl. Dewi Sartika,Jakarta Timur,"Nephy Supriyadi, Penera Penyelia",TUS,2016-01-28,2017-01-28
SPBU 34-13603,14,Jl. Raya Jatiwaringin No. 4,Jakarta Timur,"Tri Sulistiyono, ST., Penera Muda",TUS,2016-04-06,2017-04-06
SPBU 34-13604,20,"Jl. Dewi Sartika No. 232, Cawang",Jakarta Timur,"Nephy Supriyadi, Penera Penyelia",TUS,2016-09-30,2017-09-30
SPBU 34-13605,34,Jl. Raya Halim Perdana Kusuma No. 11,Jakarta Timur,"Nephy Supriyadi, Penera Penyelia",TUS,2016-05-23,2017-05-23
SPBU 34-13702,10,"Jl. TB. Simatupang, pasar Rebo",Jakarta Timur,"Sunoto, ST., Penera Madya",TUS,2016-02-19,2017-02-19
SPBU 34-13703,14,Jl. Raya Ciracas No. 107,Jakarta Timur,"H. Andi Syafrudin, SE., MM., Penera Madya",TUS,2016-09-13,2017-09-13
SPBU 34-13704,10,Jl. Raya Bogor Km. 24.7 Cijantung,Jakarta Timur,"Misdar, ST., Penera Madya",TUS,2016-08-22,2017-08-22
SPBU 34-13706,8,"Jl. Jambore Cibubur No. 8, Cibubur",Jakarta Timur,"Nephy Supriyadi, Penera Penyelia",TUS,2016-11-02,2017-11-02
SPBU 34-13707,10,"Jl. Radar Auri, Cibubur",Jakarta Timur,"Nephy Supriyadi, Penera Penyelia",TUS,2016-01-20,2017-01-20
SPBU 34-13708,11,Jl. Kelapa Dua Wetan,Jakarta Timur,"Indra Gunawan Putra, ST.MM, Penera Pertama",TUS,2016-06-24,2017-06-24
SPBU 34-13709,13,"Jl. Raya PKP, Ciracas",Jakarta Timur,"Tri Sulistiyono, ST., Penera Muda",TUS,2016-02-04,2017-02-04
SPBU 34-13711,44,"Jl. Raya Bogor Km. 21, Kel. Kampung Rambutan",Jakarta Timur,"Rizal Muchtar, SH., Penera Pelaksana Lanjutan",TUS,2016-05-18,2017-05-18
SPBU 34-13801,18,Jl. Raya Taman Mini Indonesia Indah,Jakarta Timur,"Nugroho, ST., Penera Madya",TUS,2016-03-14,2017-03-14
SPBU 34-13802,10,Jl. Raya Pondok Gede No. 40,Jakarta Timur,"Suhaili, Penera Penyelia",TS,2016-02-12,2017-02-12
SPBU 34-13803,2,Jl. Bina Marga Ceger,Jakarta Timur,"Nephy Supriyadi, Penera Penyelia",TUS,2016-02-15,2017-02-15
SPBU 34-13804,11,Jl. Supriyadi No. 100,Jakarta Timur,"Moh. Tharekat, ST., Penera Madya",TUS,2016-05-30,2017-05-30
SPBU 34-13805,26,Jl Pagelarang No. 47 Kel. Setu. Kec. Ciayung,Jakarta Timur,"Daruseno Nugroho, Penera Penyelia",TUS,2016-09-26,2017-09-26
SPBU 34-13806,19,"Jl. Supriyadi No.12 A, TB. Simatupang Outer Ring Road",Jakarta Timur,"Daruseno Nugroho, Penera Penyelia",TUS,2016-01-07,2017-01-07
SPBU 34-13807,12,Jl. Raya Cilangkap No. 124,Jakarta Timur,"Subagyo, SE., MSi., Penera Madya",TUS,2016-07-25,2017-07-25
SPBU 34-13808,9,"Jl. Raya Cipayung, Cipayung",Jakarta Timur,"Abdul Latief, ST.,  Penera Madya",TUS,2016-02-01,2017-02-01
SPBU 34-13809,88,"Jl. Tol Jagorawi Km. 10+600 Munjul, Cipayung",Jakarta Timur,"Widyo Laksono, ST., Penera Ahli Madya",TUS,2016-09-19,2017-09-19
SPBU 34-13901,12,Jl. Raya Bekasi Timur No. 29,Jakarta Timur,"Rizal Muchtar, SH., Penera Pelaksana Lanjutan",TUS,2016-08-19,2017-08-19
SPBU 34-13903,24,"Jl. Raya Penggilingan, Cakung",Jakarta Timur,"H. Andi Syafrudin, SE., MM., Penera Madya",TUS,2016-06-27,2017-06-27
SPBU 34-13906,27,Jl. Raya Cakung Cilincing,Jakarta Timur,"Moh. Kosasih, ST., Penera Madya",TUS,2016-09-15,2017-09-15
SPBU 34-13907,24,"Jl. Raya Sentra Primer, Pulo Gebang",Jakarta Timur,"Moh. Kosasih, ST., Penera Madya",TUS,2016-02-25,2017-02-25
SPBU 34-13908,32,Jl. Sri Sultan Hamengkubuwono IX Ujung Menteng,Jakarta Timur,"Moh. Kosasih, ST., Penera Madya",TUS,2016-09-13,2017-09-13
SPBU 34-13909,10,"Jl. DR. Radjiman Rt. 003/Rw. 07, Kel. Jatinegara, Kec. Cakung",Jakarta Timur,"Wim Pito Sinurat, ST., Penera Muda",TUS,2016-03-01,2017-03-01
SPBU 34-13910,30,Jl. Hamengkubuwono IX Km. 24,Jakarta Timur,"Moh. Tharekat, ST., Penera Madya",TUS,2016-09-15,2017-09-15
SPBU 34-14101,8,"Jl. Tipar Cakung No. 48, Sukapura",Jakarta Utara,"Nugroho, ST., Penera Madya",TS,2016-05-16,2017-05-16
SPBU 34-14105,14,Jl. Raya Cakung Cilincing,Jakarta Utara,"Misdar, ST., Penera Madya",TUS,2016-09-22,2017-09-22
SPBU 34-14106,16,Jl. Bidara Raya No. 5 Cilincing Marunda,Jakarta Utara,"Moh. Kosasih, ST., Penera Madya",TUS,2016-07-13,2017-07-13
SPBU 34-14108,15,"Jl. Surabaya, KBN Marunda",Jakarta Utara,"Misdar, ST., Penera Madya",TUS,2016-02-15,2017-02-15
SPBU 34-14109,16,Jl. Raya Cilincing No. 17,Jakarta Utara,"Us Us Suprianto, Penera Penyelia",TUS,2016-06-01,2017-06-01
SPBU 34-14201,78,Jl. Boulevard Barat Kelapa Gading,Jakarta Utara,"Moh. Kosasih, ST., Penera Madya",TUS,2016-02-03,2017-02-03
SPBU 34-14203,18,"Jl. Raya Cakung Cilincing, Budidarma",Jakarta Utara,"Misdar, ST., Penera Madya",TUS,2016-08-05,2017-08-05
SPBU 34-14204,22,Jl. Raya Yos Sudarso Kav. 84C,Jakarta Utara,"Moh. Kosasih, ST., Penera Madya",TUS,2016-03-11,2017-03-11
SPBU 34-14205,40,"Jl. Raya Boulevard Timur, Kelapa Gading Permai",Jakarta Utara,"Moh. Kosasih, ST., Penera Madya",TUS,2016-10-05,2017-10-05
SPBU 34-14207,12,"Jl. Raya Plumpang, Semper No. 45",Jakarta Utara,"Abdul Latief, ST.,  Penera Madya",TUS,2016-05-19,2017-05-19
SPBU 34-14208,32,Jl. Boulevard Artha Gading Kav. No. 3 Kelapa Gading,Jakarta Utara,"Nephy Supriyadi, Penera Penyelia",TUS,2016-09-02,2017-09-02
SPBU 34-14210,64,Jl. Sentra Artha Gading Kav. D No. 2 Kelapa Gading,Jakarta Utara,"Indra Gunawan Putra, ST.MM, Penera Pertama",TUS,2016-09-21,2017-09-21
SPBU 34-14301,1,"Jl. Danau Sunter Utara, Nirwana Sunter Asri",Jakarta Utara,"Moh. Kosasih, ST., Penera Madya",TUS,2016-06-28,2017-06-28
SPBU 34-14303       ,5,Jl. RE. Martadinata No.1,Jakarta Utara,"Subagyo, SE., MSi., Penera Madya",TUS,2016-01-21,2017-01-21
SPBU 34-14304,42,Jl. Tongkol No. 7,Jakarta Utara,"Daruseno Nugroho, Penera Penyelia",TUS,2016-06-14,2017-06-14
SPBU 34-14305,21,Jl. Sunter Kemayoran,Jakarta Utara,"Teguh Triprajogo, ST., MM., Penera Madya",TUS,2016-03-28,2017-03-28
SPBU 34-14306,15,Jl. Danau Sunter Selatan,Jakarta Utara,"Akhmadi, Penera Penyelia",TUS,2016-02-10,2017-02-10
SPBU 34-14307,38,Jl. Danau Sunter Selatan Blok O5/10,Jakarta Utara,"Rizal Muchtar, SH., Penera Pelaksana Lanjutan",TUS,2016-08-05,2017-08-05
SPBU 34-14308,22,Jl. Raya Enggano No. 14-16 Tanjung Priok,Jakarta Utara,"Nugroho, ST., Penera Madya",TUS,2016-03-01,2017-03-01
SPBU 34-14310,2,"Jl. Gaya Motor Raya No. 13, Sunter",Jakarta Utara,"Minsa Ika Dj. S., Penera Penyelia",TUS,2016-08-30,2017-08-30
SPBU 34-14401,56,"Jl. Pluit Raya Selatan, Penjaringan",Jakarta Utara,"Nephy Supriyadi, Penera Penyelia",TUS,2016-09-27,2017-09-27
SPBU 34-14402,4,Jl. Lodan Timur No. 7 Marina Ancol,Jakarta Utara,"Nephy Supriyadi, Penera Penyelia",TUS,2016-05-12,2017-05-12
SPBU 34-14403,33,"Jl. Pluit Raya Selatan, Penjaringan",Jakarta Utara,"Moh. Kosasih, ST., Penera Madya",TUS,2016-10-24,2017-10-24
SPBU 34-14404,17,Jl. Raya Kapuk Kamal,Jakarta Utara,"Misdar, ST., Penera Madya",TUS,2016-10-25,2017-10-25
SPBU 34-14405,8,Jl. Kampung Bandan 30-31,Jakarta Utara,"Moh. Kosasih, ST., Penera Madya",TUS,2016-03-16,2017-03-16
SPBU 34-14406,32,Jl. Dermaga Muara Angke,Jakarta Utara,"Subagyo, SE., MSi., Penera Madya",TUS,2016-04-22,2017-04-22
SPBU 34-14407,30,Jl. Jembatan Tiga Blok F 4-5 Penjaringan,Jakarta Utara,"Fany Abast, ST., Penera Muda",TUS,2016-06-02,2017-06-02
SPBU 34-14408,15,"Jl. Budi Mulya, Pademangan Barat",Jakarta Utara,"Abdul Latief, ST.,  Penera Madya",TUS,2016-06-01,2017-06-01
SPBU 34-14409,16,Jl. Kapuk Kamal Raya No. 33,Jakarta Utara,"Moh. Kosasih, ST., Penera Madya",TUS,2016-06-22,2017-06-22
SPBU 34-14410 KAPUK KAMAL,8,"JL. Kapuk Kamal RT 0001/RW 003, Kapuk Muara, Penjaringan",Jakarta Utara,"Wim Pito Sinurat, ST., Penera Muda",TUS,2015-11-20,2016-11-20
SPBU 34-14411,28,Jl. Kapuk Kamal Raya,Jakarta Utara,"Sunoto, ST., Penera Madya",TUS,2016-05-31,2017-05-31
SPBU 34-14412,4,"Jl. Tuna Raya Pelabuhan Perikanan, Samudera Muara Baru",Jakarta Utara,"Subagyo, SE., MSi., Penera Madya",TUS,2016-05-17,2017-05-17
SPBU 34-14413,50,"Jl. Benyamin Sueb C-5/4 Kota Baru, Bandar Kemayoran",Jakarta Utara,"Nephy Supriyadi, Penera Penyelia",TUS,2016-06-24,2017-07-02
SPBU 34-14415,60,"Jl. Bukit Golf Mediterania, PIK",Jakarta Utara,"Nephy Supriyadi, Penera Penyelia",TUS,2016-10-05,2017-10-05
SPBU COCO 31.12702,44,JL. Kapten Tendean No. 38 ,Jakarta Selatan,"Indra Gunawan Putra, ST.MM, Penera Pertama",TUS,2016-01-27,2017-01-27
SPBU COCO 31-10303,48,Jl. Cikini Raya,Jakarta Pusat,"Moh. Kosasih, ST., Penera Madya",TUS,2016-06-08,2017-06-08
SPBU COCO 31-10703,24,Jl. Mangga Besar Raya No. 140,Jakarta Pusat,"Moh. Kosasih, ST., Penera Madya",TUS,2016-04-08,2017-04-08
SPBU COCO 31-11403,48,Jl. Raya Daan Mogot Raya No. 2,Jakarta Barat,"Sunoto, ST., Penera Madya",TUS,2016-07-21,2017-07-21
SPBU COCO 31-11404,22,Jl. Tomang Raya No. 42,Jakarta Barat,"Tri Sulistiyono, ST., Penera Muda",TUS,2016-09-15,2017-09-15
SPBU COCO 31-11802,32,"Jl. Daan Mogot Raya Km. 16, Kalideres",Jakarta Barat,"Moh. Kosasih, ST., Penera Madya",TUS,2016-08-22,2017-08-22
SPBU COCO 31-12203,22,Jl. Tentara Pelajar No. 5 Arteri Permata Hijau,Jakarta Selatan,"Teguh Triprajogo, ST., MM., Penera Madya",TUS,2016-06-08,2017-06-08
SPBU COCO 31-12204,32,"Jl. Sultan Iskandar Muda, Rt. 11/09 Pondok Indah",Jakarta Selatan,"Widyo Laksono, ST., Penera Ahli Madya",TUS,2016-06-15,2017-06-15
SPBU COCO 31-12401,28,Jl. Raya Fatmawati,Jakarta Selatan,"Us Us Suprianto, Penera Penyelia",TUS,2016-07-12,2017-07-12
SPBU COCO 31-12402,64,"Jl. RS. Fatmawati No. 16, Cilandak",Jakarta Selatan,"Us Us Suprianto, Penera Penyelia",TUS,2016-09-29,2017-09-29
SPBU COCO 31-12601,2,Jl. Raya Lenteng Agung,Jakarta Selatan,"Budiyanto, Penera Muda",TUS,2016-03-16,2017-03-16
SPBU COCO 31-12701,32,"Jl. Kemang Selatan Raya No. 105A, Kemang",Jakarta Selatan,"Sunoto, ST., Penera Madya",TUS,2016-06-27,2017-06-27
SPBU COCO 31-12802,64,Jl. MT. Haryono Kav. 18,Jakarta Selatan,"Moh. Kosasih, ST., Penera Madya",TUS,2016-08-24,2017-08-24
SPBU COCO 31-13101,50,Jl. Raya Pramuka No.18 A,Jakarta Timur,"P. Maulana M. Hutagalung, SH., Penera Madya",TUS,2015-12-22,2016-12-22
SPBU COCO 31-13301,20,Jl. Otto Iskandardinata,Jakarta Timur,"Nephy Supriyadi, Penera Penyelia",TUS,2016-07-28,2017-07-28
SPBU COCO 31-13401,20,"Jl. Raya Bekasi Timur Km. 17, Jatinegara Kaum Pulogadung",Jakarta Timur,"Budiyanto, Penera Muda",TUS,2016-06-17,2017-06-17
SPBU COCO 31-13602,24,"Jl. Mayjen Sutoyo, Cililitan",Jakarta Timur,"Moh. Kosasih, ST., Penera Madya",TUS,2016-11-14,2017-11-14
SPBU COCO 31-13701,30,"Jl. Raya Bogor Km. 28-29, Kel. Pekayon, Pasar Rebo",Jakarta Timur,"Moh. Tharekat, ST., Penera Madya",TUS,2016-07-25,2017-07-25
SPBU COCO 31-13901,28,Jl. Raya Bekasi Km. 23 Cakung,Jakarta Timur,"Sunoto, ST., Penera Madya",TUS,2016-03-14,2017-03-14
SPBU COCO 31-14301,38,"Jl. Yos Sudarso Kav.205, Sunter",Jakarta Timur,"Moh. Kosasih, ST., Penera Madya",TUS,2016-01-07,2017-01-07
SPBU COCO PERTAMINA 31-11401,38,Jl. S. Parman Kav. 70,Jakarta Barat,"Heri Purwanto, ST, Penera Pertama",TUS,2015-12-29,2016-12-29
SPBU KSO 33-14201,20,Jl. Pegangsaan Dua No. 81 Kelapa Gading,Jakarta Utara,"Tonton A. Hidayat, ST., Penera Madya",TUS,2016-05-26,2017-05-26
SPBU SHELL A. YANI,28,Jl. A. Yani Kav.51 Rawasari,Jakarta Timur,"Arief Budiman, ST. SE., Penera Madya",TUS,2016-01-07,2017-01-07
SPBU SHELL ANTASARI 2,32,Jl. Raya Pangeran Antasari No. 68 ,Jakarta Selatan,"Daruseno Nugroho, Penera Penyelia",TUS,2016-06-28,2017-06-28
SPBU SHELL ARJUNA,32,"Jl. Raya Arjuna No. 60, Kebon Jeruk",Jakarta Barat,"Us Us Suprianto, Penera Penyelia",TUS,2016-07-13,2017-07-13
SPBU SHELL ARTHA GADING,34,Jl. Boulevard Timur Kelapa Gading,Jakarta Utara,"Nugroho, ST., Penera Madya",TUS,2016-06-23,2017-06-23
SPBU SHELL CAKUNG,23,Jl. Raya Bekasi Km.23,Jakarta Timur,"Akhmadi, Penera Penyelia",TUS,2016-01-06,2017-01-06
SPBU SHELL CIPINANG,32,Jl. Raya Bekasi Timur,Jakarta Timur,"Sunoto, ST., Penera Madya",TUS,2016-08-31,2017-08-31
SPBU SHELL CIPUTAT,28,Jl. Raya Ciputat No. 45,Jakarta Selatan,"Abdul Latief, ST.,  Penera Madya",TUS,2016-10-26,2017-10-26
SPBU SHELL CIPUTAT ESTU,52,Jl. Ciputat Raya No. 100,Jakarta Selatan,"Moh. Kosasih, ST., Penera Madya",TUS,2016-09-27,2017-09-27
SPBU SHELL DAAN MOGOT,48,Jl. Raya Daan Mogot,Jakarta Barat,"Misdar, ST., Penera Madya",TUS,2015-12-29,2016-12-29
SPBU SHELL DAAN MOGOT 2,26,Jl. Raya Daan Mogot,Jakarta Barat,"Indra Gunawan Putra, ST.MM, Penera Pertama",TUS,2016-05-24,2017-05-24
SPBU SHELL DANAU SUNTER SELATAN,24,Jl. Raya Danau Sunter Selatan,Jakarta Utara,"Tonton A. Hidayat, ST., Penera Madya",TUS,2016-06-16,2017-06-16
SPBU SHELL FATMAWATI,30,Jl. Rumah Sakit Fatmawati,Jakarta Selatan,"Sunoto, ST., Penera Madya",TUS,2016-06-01,2017-06-01
SPBU SHELL GATOT SUBROTO,40,"Jl. Gatot Subroto Kav. 76, Jakarta Selatan",Jakarta Selatan,"Warsono, SE., Penera Madya",TUS,2016-10-18,2017-10-18
SPBU SHELL JATIWARINGIN,20,Jl. Raya Jatiwaringin,Jakarta Timur,"Tri Sulistiyono, ST., Penera Muda",TUS,2016-07-26,2017-07-26
SPBU SHELL KEDOYA,26,Jl. Raya Kedoya,Jakarta Barat,"Wim Pito Sinurat, ST., Penera Muda",TUS,2016-06-30,2017-06-30
SPBU SHELL KEMANG,32,Jl. Raya Kemang No. 33,Jakarta Selatan,"Akhmadi, Penera Penyelia",TUS,2016-08-11,2017-08-11
SPBU SHELL KEMANGGISAN,64,Kemanggisan,Jakarta Barat,"Daruseno Nugroho, Penera Penyelia",TUS,2016-09-22,2017-09-22
SPBU SHELL KEMAYORAN I,32,Jl. Industri Kemayoran,Jakarta Pusat,"Subagyo, SE., MSi., Penera Madya",TUS,2016-07-27,2017-07-27
SPBU SHELL KEMBANGAN,32,Jl. Raya Kembangan,Jakarta Barat,"Endarto, SE., ST., Penera Muda",TUS,2016-07-28,2017-07-28
SPBU SHELL KYAI TAPA,26,Jl. Raya Kyai Tapa Grogol,Jakarta Barat,"Jansen Sirait, SE., ST., MM., Penera Madya",TUS,2016-10-16,2017-10-16
SPBU SHELL LAPANGAN ROS,56,"Jl. Lapangan Ros No. 1-2, Tebet Timur",Jakarta Selatan,"Misdar, ST., Penera Madya",TUS,2016-10-10,2017-10-10
SPBU SHELL LATUMENTEN,26,"Jl. Raya Latumenten, Grogol",Jakarta Barat,"Jansen Sirait, SE., ST., MM., Penera Madya",TUS,2016-08-25,2017-08-25
SPBU SHELL MAMPANG,20,Jl. Raya Mampang Prapatan Raya No. 75B,Jakarta Selatan,"Teguh Triprajogo, ST., MM., Penera Madya",TUS,2016-08-09,2017-08-09
SPBU SHELL MENTENG,38,Jl. Menteng Raya Kav. 25,Jakarta Pusat,"Teguh Triprajogo, ST., MM., Penera Madya",TUS,2016-10-24,2017-10-24
SPBU SHELL MT. HARYONO 1,42,Jl. MT. haryono Kav. 25,Jakarta Timur,"Sunoto, ST., Penera Madya",TUS,2016-06-13,2017-06-13
SPBU SHELL PANJANG,28,Jl. Raya Panjang Kelapa Dua Kebun Jeruk,Jakarta Barat,"Nephy Supriyadi, Penera Penyelia",TUS,2016-10-28,2017-10-28
SPBU SHELL PASAR MINGGU,48,Jl. Raya Pasar Minggu No. 10,Jakarta Selatan,"Widyo Laksono, ST., Penera Ahli Madya",TUS,2016-10-10,2017-10-10
SPBU SHELL PEMUDA 1,32,Jl. Raya Pemuda Rawamangun,Jakarta Timur,"Warsono, SE., Penera Madya",TUS,2016-08-01,2017-08-01
SPBU SHELL PLUIT SELATAN,80,Jl. Pluit Selatan Raya 7,Jakarta Utara,"Sunoto, ST., Penera Madya",TUS,2016-10-12,2017-10-12
SPBU SHELL PONDOK INDAH,40,Jl. Iskandar Muda No. 120,Jakarta Selatan,"Daruseno Nugroho, Penera Penyelia",TUS,2016-08-15,2017-08-15
SPBU SHELL POS PENGUMBEN,40,Jl. Raya Pos Pengumben No. 168,Jakarta Barat,"Endarto, SE., ST., Penera Muda",TUS,2016-08-10,2017-08-10
SPBU SHELL POS PENGUMBEN 2,26,Jl. Raya Joglo No. 8B,Jakarta Barat,"Misdar, ST., Penera Madya",TUS,2016-06-17,2017-06-17
SPBU SHELL RADIO DALAM,56,Jl. Radio Dalam Raya,Jakarta Selatan,"Warsono, SE., Penera Madya",TUS,2016-09-07,2017-09-07
SPBU SHELL RAWA BUAYA,22,"Jl. Rawa Buaya, Cengkareng",Jakarta Barat,"Minsa Ika Dj. S., Penera Penyelia",TUS,2016-10-13,2017-10-13
SPBU SHELL S. PARMAN,80,Jl. Letjend. S. Parman,Jakarta Barat,"Indra Gunawan Putra, ST.MM, Penera Pertama",TUS,2016-09-19,2017-09-19
SPBU SHELL SATRIO,44,"Jl. Dr. Satrio No. 241, Karet Kuningan",Jakarta Selatan,"Suryatna, SAP., ST., Penera Muda",TUS,2016-08-29,2017-08-29
SPBU SHELL SOEPOMO,41,Jl. Dr. Soepomo No. 102,Jakarta Selatan,"Misdar, ST., Penera Madya",TUS,2016-08-24,2017-08-24
SPBU SHELL SOEROSO,32,Jl. Raya Soeroso No. 27-29 Cikini,Jakarta Pusat,"Nephy Supriyadi, Penera Penyelia",TUS,2016-08-15,2017-08-15
SPBU SHELL SUNTER 2,32,Jl. Raya Danau Sunter Utara,Jakarta Utara,"Abdul Latief, ST.,  Penera Madya",TUS,2016-06-09,2017-06-09
SPBU SHELL TB. SIMATUPANG,88,Jl. TB Simatupang,Jakarta Selatan,"Daruseno Nugroho, Penera Penyelia",TUS,2016-10-11,2017-10-11
SPBU SHELL TENDEAN,40,Jl. Kapt. Tendean Kav. 15,Jakarta Selatan,"Arief Budiman, ST. SE., Penera Madya",TUS,2016-09-05,2017-09-05
SPBU SHELL WARUNG JATI,40,Jl. Warung Jati Barat No. 20 Pejaten,Jakarta Selatan,"Indra Gunawan Putra, ST.MM, Penera Pertama",TUS,2016-09-22,2017-09-22
SPBU SHELL YOS SUDARSO,26,Jl. Yos Sudarso Kav. 48,Jakarta Utara,"Anung Priyanto, Penera Madya",TUS,2016-10-26,2017-10-26
SPBU TOTAL,22,"Jl. Warung Jati Barat Rt. 12 Rw. 9, Kalibata, Pancoran",Jakarta Selatan,"Nephy Supriyadi, Penera Penyelia",TUS,2016-06-14,2017-06-14
SPBU TOTAL HANKAM,22,"Jl. Raya Hankam, Bambu Apus",Jakarta Timur,"Daruseno Nugroho, Penera Penyelia",TUS,2016-06-17,2017-06-17
SPBU TOTAL KEDOYA,30,"JL. Panjang No. 123 , Kedoya",Jakarta Barat,"Wim Pito Sinurat, ST., Penera Muda",TUS,2016-01-27,2017-01-27
SPBU TOTAL KEMANG,22,Jl. Kemang Raya,Jakarta Selatan,"Teguh Triprajogo, ST., MM., Penera Madya",TUS,2016-08-30,2017-08-30
SPBU TOTAL MT. HARYONO,20,Jl. MT Haryono Kav.12 No.8,Jakarta Selatan,"Sunoto, ST., Penera Madya",TUS,2015-12-29,2016-12-29
SPBU TOTAL PASAR MINGGU,16,Jl. Pasar Minggu No. 40 - 41 Pancoran,Jakarta Selatan,"Akhmadi, Penera Penyelia",TUS,2016-03-04,2017-03-04
SPBU TOTAL PEJATEN,20,"Jl. Warung Jati Barat Rt. 012/09, Jati Padang, Pancoran",Jakarta Selatan,"Daruseno Nugroho, Penera Penyelia",TUS,2016-03-24,2017-03-24
SPBU TOTAL TENDEAN,20,"Jl. Kapten Tendean No. 09 RT. 01/05 Kuningan Barat, Mampang Prapatan",Jakarta Selatan,"Fany Abast, ST., Penera Muda",TUS,2016-08-15,2017-08-15
SPBUT 34-14309,4,Depo Plumpang,Jakarta Utara,"Endarto, SE., ST., Penera Muda",TUS,2016-11-08,2017-11-08
SPBUT CAKUNG,2,"Jl. Raya Cakung Cilincing, Kav. 45 Km. 1",Jakarta Timur,"Moh. Kosasih, ST., Penera Madya",TUS,2016-11-07,2017-11-07
SPBUT KEBON JERUK,2,Jl. Lingkar Luar Barat No. 14 Kembangan,Jakarta Barat,"Moh. Kosasih, ST., Penera Madya",TUS,2016-11-07,2017-11-07
SPBUT LENTENG AGUNG,2,Jl. Raya Lenteng Agung No. 50,Jakarta Selatan,"Moh. Kosasih, ST., Penera Madya",TUS,2016-11-09,2017-11-09
SPBUT PULOGADUNG,2,Jl. Kepiting No. 9 Kawasan Industri Pulogadung,Jakarta Timur,"Moh. Kosasih, ST., Penera Madya",TUS,2016-11-07,2017-11-07
SPBUT TAMAN ANGGREK,2,Jl. Raya Orchid Tanjung Duren Kemanggisan,Jakarta Barat,"Moh. Kosasih, ST., Penera Madya",TUS,2016-11-07,2017-11-07
SPBUT TANAH ABANG,2,Jl. Tembus Fachrudin No. 40 Jati Baru,Jakarta Pusat,"Moh. Kosasih, ST., Penera Madya",TUS,2016-11-07,2017-11-07
SPDN 39-14117,8,Jl. Rekreasi Ujung No. 1 TPI Cilincing,Jakarta Utara,"Warsono, SE., Penera Madya",TUS,2016-09-30,2017-09-30
